[
   {
     "id":"PR-1",
     "name":"Beef - Tongue, Fresh",
     "price":6.14,
     "department":"Food",
     "currency":"$"
   },
   {
     "id":"PR-2",
     "name":"IPhone X",
     "price":900.13,
     "department":"Electronics",
     "currency":"$"
   },
   {
     "id":"PR-3",
     "name":"Gibson Les Paul",
     "price":900.67,
     "department":"Music",
     "currency":"$"
   },
   {
     "id":"PR-4",
     "name":"Ice Cream - Fudge Bars",
     "price":6.06,
     "department":"Food",
     "currency":"$"
   },
   {
     "id":"PR-5",
     "name":"Chocolate - Milk Coating",
     "price":1.07,
     "department":"Food",
     "currency":"$"
   },
   {
     "id":"PR-6",
     "name":"Shichimi Togarashi Peppeers",
     "price":3.55,
     "department":"Food",
     "currency":"$"
   },
   {
     "id":"PR-7",
     "name":"Sterno - Chafing Dish Fuel",
     "price":2.46,
     "department":"Toys",
     "currency":"$"
   },
   {
     "id":"PR-8",
     "name":"Ephiphone Les Paul Studio",
     "price":520.51,
     "department":"Music",
     "currency":"$"
   },
   {
     "id":"PR-9",
     "name":"Mushroom - Shitake, Fresh",
     "price":7.94,
     "department":"Food",
     "currency":"$"
   },
   {
     "id":"PR-10",
     "name":"Mushroom - Lg - Cello",
     "price":9.86,
     "department":"Food",
     "currency":"$"
   },
   {
     "id":"PR-11",
     "name":"MacBook Pro 2015",
     "price":722.43,
     "department":"Electronics",
     "currency":"$"
   },
   {
     "id":"PR-12",
     "name":"Samsung Galaxy S9",
     "price":623.23,
     "department":"Electronics",
     "currency":"$"
   },
   {
     "id":"PR-13",
     "name":"Soup - Campbells Beef Strogonoff",
     "price":5.40,
     "department":"Food",
     "currency":"$"
   },
   {
     "id":"PR-14",
     "name":"Wine - Sogrape Mateus Rose",
     "price":10.05,
     "department":"Beverages",
     "currency":"$"
   },
   {
     "id":"PR-15",
     "name":"Soup - Campbells Asian Noodle",
     "price":7.75,
     "department":"Food",
     "currency":"$"
   },
   {
     "id":"PR-16",
     "name":"Truffle Cups Green",
     "price":4.80,
     "department":"Food",
     "currency":"$"
   },
   {
     "id":"PR-17",
     "name":"Casio CTK2200 Keyboard",
     "price":399.99,
     "department":"Music",
     "currency":"$"
   },
   {
     "id":"PR-18",
     "name":"Longos - Lasagna Veg",
     "price":6.13,
     "department":"Food",
     "currency":"$"
   },
   {
     "id":"PR-19",
     "name":"Curry Powder",
     "price":0.18,
     "department":"Food",
     "currency":"$"
   },
   {
     "id":"PR-20",
     "name":"Sauce - Plum",
     "price":8.95,
     "department":"Food",
     "currency":"$"
   },
   {
     "id":"PR-21",
     "name":"Muffin - Blueberry Individual",
     "price":9.16,
     "department":"Food",
     "currency":"$"
   },
   {
     "id":"PR-22",
     "name":"Grapes - Green",
     "price":3.53,
     "department":"Food",
     "currency":"$"
   },
   {
     "id":"PR-23",
     "name":"A Song of Ice and Fire - George R. R. Martin",
     "price":9.66,
     "department":"Books",
     "currency":"$"
   },
   {
     "id":"PR-24",
     "name":"Beef Ground Medium",
     "price":2.26,
     "department":"Food",
     "currency":"$"
   },
   {
     "id":"PR-25",
     "name":"Clam - Cherrystone",
     "price":7.01,
     "department":"Food",
     "currency":"$"
   },
   {
     "id":"PR-26",
     "name":"Soup - Campbells Chili",
     "price":1.24,
     "department":"Food",
     "currency":"$"
   },
   {
     "id":"PR-27",
     "name":"Yeast Dry - Fleischman",
     "price":19.98,
     "department":"Food",
     "currency":"$"
   },
   {
     "id":"PR-28",
     "name":"Zucchini - Yellow",
     "price":4.59,
     "department":"Food",
     "currency":"$"
   },
   {
     "id":"PR-29",
     "name":"Tarragon - Primerba, Paste",
     "price":6.94,
     "department":"Food",
     "currency":"$"
   },
   {
     "id":"PR-30",
     "name":"Mudslide",
     "price":3.09,
     "department":"Food"
   }
 ]